	AU2199
ACAA	33
ACCA	11
ACGA	24
ACTA	5
CCAA	47
CCCA	26
CCGA	13
CCTA	13
GCAA	13
GCCA	12
GCGA	6
GCTA	10
TCAA	49
TCCA	17
TCGA	5
TCTA	19
ACAG	0
ACCG	0
ACGG	0
ACTG	3
CCAG	0
CCCG	0
CCGG	0
CCTG	3
GCAG	0
GCCG	0
GCGG	0
GCTG	0
TCAG	0
TCCG	2
TCGG	3
TCTG	0
ACAT	44
ACCT	14
ACGT	16
ACTT	13
CCAT	29
CCCT	18
CCGT	3
CCTT	11
GCAT	18
GCCT	20
GCGT	3
GCTT	20
TCAT	49
TCCT	29
TCGT	5
TCTT	8
ATAA	0
ATCA	0
ATGA	0
ATTA	0
CTAA	0
CTCA	0
CTGA	0
CTTA	0
GTAA	0
GTCA	0
GTGA	0
GTTA	0
TTAA	0
TTCA	0
TTGA	0
TTTA	0
ATAC	0
ATCC	2
ATGC	0
ATTC	0
CTAC	0
CTCC	0
CTGC	3
CTTC	0
GTAC	0
GTCC	0
GTGC	0
GTTC	0
TTAC	0
TTCC	0
TTGC	0
TTTC	0
ATAG	0
ATCG	0
ATGG	0
ATTG	0
CTAG	0
CTCG	0
CTGG	0
CTTG	0
GTAG	0
GTCG	0
GTGG	0
GTTG	0
TTAG	0
TTCG	0
TTGG	0
TTTG	0
