	AQ5186_vs_AQ5174	AX4958_vs_AQ5174	AX4961_vs_AQ5174
ACAA	18	106	95
ACCA	16	51	55
ACGA	2	16	15
ACTA	11	60	67
ACAG	11	91	85
ACCG	5	48	50
ACGG	1	16	18
ACTG	9	77	78
ACAT	19	103	102
ACCT	12	42	33
ACGT	2	19	14
ACTT	19	84	78
ATAA	11	122	109
ATCA	10	86	72
ATGA	1	14	12
ATTA	11	154	190
ATAC	14	43	62
ATCC	10	23	34
ATGC	0	10	11
ATTC	7	38	45
ATAG	16	36	38
ATCG	12	33	29
ATGG	2	9	11
ATTG	14	47	42
CCAA	16	36	36
CCCA	9	21	28
CCGA	0	16	11
CCTA	3	29	31
CCAG	14	51	54
CCCG	11	32	46
CCGG	3	5	11
CCTG	24	96	95
CCAT	27	98	101
CCCT	19	54	54
CCGT	39	100	109
CCTT	17	59	71
CTAA	21	75	64
CTCA	13	55	58
CTGA	17	77	91
CTTA	24	64	64
CTAC	29	70	68
CTCC	17	57	52
CTGC	23	84	86
CTTC	25	68	63
CTAG	26	88	93
CTCG	17	68	69
CTGG	23	67	68
CTTG	17	85	87
GCAA	8	40	44
GCCA	4	20	22
GCGA	9	23	22
GCTA	4	32	41
GCAG	5	23	20
GCCG	2	31	26
GCGG	5	22	28
GCTG	6	35	42
GCAT	10	17	16
GCCT	1	8	8
GCGT	7	24	28
GCTT	11	29	25
GTAA	11	48	54
GTCA	6	26	34
GTGA	7	24	20
GTTA	16	58	58
GTAC	41	132	112
GTCC	17	35	35
GTGC	9	43	48
GTTC	39	67	76
GTAG	13	42	46
GTCG	33	64	76
GTGG	7	41	41
GTTG	11	54	45
TCAA	20	53	58
TCCA	13	35	34
TCGA	10	40	37
TCTA	18	46	40
TCAG	24	61	57
TCCG	17	52	55
TCGG	7	25	21
TCTG	17	51	54
TCAT	4	35	44
TCCT	5	14	11
TCGT	3	24	28
TCTT	2	24	29
TTAA	7	15	18
TTCA	2	17	17
TTGA	2	27	20
TTTA	7	34	29
TTAC	3	18	13
TTCC	3	8	13
TTGC	4	87	54
TTTC	2	21	26
TTAG	8	27	35
TTCG	4	13	17
TTGG	3	36	24
TTTG	15	57	59
