	AZ4612
ACAA	32
ACCA	0
ACGA	0
ACTA	6
CCAA	12
CCCA	6
CCGA	18
CCTA	30
GCAA	6
GCCA	13
GCGA	6
GCTA	29
TCAA	23
TCCA	22
TCGA	0
TCTA	6
ACAG	0
ACCG	0
ACGG	0
ACTG	0
CCAG	0
CCCG	0
CCGG	0
CCTG	0
GCAG	0
GCCG	0
GCGG	0
GCTG	0
TCAG	6
TCCG	0
TCGG	0
TCTG	6
ACAT	6
ACCT	0
ACGT	10
ACTT	12
CCAT	18
CCCT	35
CCGT	6
CCTT	18
GCAT	28
GCCT	13
GCGT	13
GCTT	29
TCAT	12
TCCT	27
TCGT	0
TCTT	24
ATAA	0
ATCA	6
ATGA	6
ATTA	7
CTAA	0
CTCA	6
CTGA	17
CTTA	6
GTAA	0
GTCA	6
GTGA	0
GTTA	0
TTAA	0
TTCA	0
TTGA	0
TTTA	7
ATAC	23
ATCC	0
ATGC	6
ATTC	0
CTAC	13
CTCC	19
CTGC	17
CTTC	6
GTAC	0
GTCC	6
GTGC	6
GTTC	6
TTAC	0
TTCC	11
TTGC	0
TTTC	0
ATAG	0
ATCG	11
ATGG	0
ATTG	13
CTAG	0
CTCG	0
CTGG	12
CTTG	23
GTAG	7
GTCG	12
GTGG	0
GTTG	12
TTAG	7
TTCG	6
TTGG	12
TTTG	15
